{
    "name": "C++",
    "stoichiometry": {
        "C": 1
    },
    "molarmass": 0.0120107,
    "chargenumber": 2,
    "ionisationenergy": 7.672467349896001e-18,
    "energylevels": [
        [
            0.0,
            0.0
        ],
        [
            0.0,
            1.0402431592193601e-18
        ],
        [
            1.0,
            1.0407137481820001e-18
        ],
        [
            2.0,
            1.04183330892216e-18
        ],
        [
            1.0,
            2.03316759509024e-18
        ],
        [
            0.0,
            2.7298867709192002e-18
        ],
        [
            1.0,
            2.7304568808064e-18
        ],
        [
            2.0,
            2.7314026275565603e-18
        ],
        [
            2.0,
            2.8977499658352803e-18
        ],
        [
            0.0,
            3.6256581253852805e-18
        ],
        [
            1.0,
            4.7319716571280006e-18
        ],
        [
            0.0,
            4.909902754278561e-18
        ],
        [
            1.0,
            5.143529217228241e-18
        ],
        [
            0.0,
            5.1589094709308e-18
        ],
        [
            1.0,
            5.15902210239632e-18
        ],
        [
            2.0,
            5.1592819294808004e-18
        ],
        [
            1.0,
            5.3636182520584806e-18
        ],
        [
            2.0,
            5.36364010296008e-18
        ],
        [
            3.0,
            5.36369592208144e-18
        ],
        [
            2.0,
            5.49218160722416e-18
        ],
        [
            0.0,
            6.1225546918804804e-18
        ],
        [
            1.0,
            6.12319690974296e-18
        ],
        [
            2.0,
            6.12455524124424e-18
        ],
        [
            1.0,
            6.14719833734952e-18
        ],
        [
            1.0,
            6.158106903361921e-18
        ],
        [
            0.0,
            6.192178219648561e-18
        ],
        [
            0.0,
            6.3128100948225605e-18
        ],
        [
            1.0,
            6.3128547898485605e-18
        ],
        [
            2.0,
            6.3129499405928e-18
        ],
        [
            1.0,
            6.3510708248796e-18
        ],
        [
            1.0,
            6.38466082539736e-18
        ],
        [
            2.0,
            6.38496733395344e-18
        ],
        [
            3.0,
            6.3854303744228e-18
        ],
        [
            2.0,
            6.39642793319808e-18
        ],
        [
            3.0,
            6.396545133488481e-18
        ],
        [
            4.0,
            6.3967117962743196e-18
        ],
        [
            1.0,
            6.404384045115201e-18
        ],
        [
            3.0,
            6.4103000774011204e-18
        ],
        [
            1.0,
            6.41774646737728e-18
        ],
        [
            2.0,
            6.41823274926016e-18
        ],
        [
            3.0,
            6.419006867110481e-18
        ],
        [
            2.0,
            6.4403047422554404e-18
        ],
        [
            1.0,
            6.501204794171121e-18
        ],
        [
            0.0,
            6.5490207248532805e-18
        ],
        [
            1.0,
            6.54943966623032e-18
        ],
        [
            2.0,
            6.5501766375479205e-18
        ],
        [
            2.0,
            6.608731293143681e-18
        ],
        [
            2.0,
            6.6172120253437605e-18
        ],
        [
            2.0,
            6.62255159111656e-18
        ],
        [
            3.0,
            6.6230390648668e-18
        ],
        [
            4.0,
            6.62374802730144e-18
        ],
        [
            1.0,
            6.70735235784688e-18
        ],
        [
            2.0,
            6.7076088079738405e-18
        ],
        [
            3.0,
            6.70798921230624e-18
        ],
        [
            0.0,
            6.724403013654481e-18
        ],
        [
            1.0,
            6.75261828831232e-18
        ],
        [
            2.0,
            6.755938036199041e-18
        ],
        [
            1.0,
            6.756448354073681e-18
        ],
        [
            0.0,
            6.756732415794481e-18
        ],
        [
            3.0,
            6.78114801730864e-18
        ],
        [
            1.0,
            6.818634033581681e-18
        ],
        [
            2.0,
            6.83800088495888e-18
        ],
        [
            1.0,
            6.83806663630824e-18
        ],
        [
            0.0,
            6.83811411235808e-18
        ],
        [
            0.0,
            6.8551329850360804e-18
        ],
        [
            1.0,
            6.863101412915921e-18
        ],
        [
            2.0,
            6.86310439258432e-18
        ],
        [
            3.0,
            6.863112934300401e-18
        ],
        [
            3.0,
            6.8846074675597606e-18
        ],
        [
            4.0,
            6.8846074675597606e-18
        ],
        [
            5.0,
            6.8846130296074406e-18
        ],
        [
            4.0,
            6.8846094540053605e-18
        ],
        [
            2.0,
            6.886179341963041e-18
        ],
        [
            1.0,
            6.88725976972488e-18
        ],
        [
            2.0,
            6.895983444221841e-18
        ],
        [
            3.0,
            6.8960106585265605e-18
        ],
        [
            4.0,
            6.89605336710696e-18
        ],
        [
            3.0,
            6.92991392151544e-18
        ],
        [
            1.0,
            7.049061723181682e-18
        ],
        [
            0.0,
            7.09259169883728e-18
        ],
        [
            1.0,
            7.09260739175752e-18
        ],
        [
            2.0,
            7.09262844808088e-18
        ],
        [
            1.0,
            7.09378952553408e-18
        ],
        [
            2.0,
            7.11341759450768e-18
        ],
        [
            1.0,
            7.11341759450768e-18
        ],
        [
            3.0,
            7.11341759450768e-18
        ],
        [
            4.0,
            7.12522502715408e-18
        ],
        [
            3.0,
            7.1252254244432e-18
        ],
        [
            4.0,
            7.1252254244432e-18
        ],
        [
            5.0,
            7.125229397334401e-18
        ],
        [
            2.0,
            7.12603450373608e-18
        ],
        [
            4.0,
            7.1268960251928e-18
        ],
        [
            6.0,
            7.1268960251928e-18
        ],
        [
            5.0,
            7.1268960251928e-18
        ],
        [
            5.0,
            7.1268960251928e-18
        ],
        [
            2.0,
            7.12836043288912e-18
        ],
        [
            3.0,
            7.12836639222592e-18
        ],
        [
            4.0,
            7.128374735297441e-18
        ],
        [
            3.0,
            7.1337621744092e-18
        ],
        [
            1.0,
            7.222974439528e-18
        ],
        [
            1.0,
            7.248460536576001e-18
        ],
        [
            3.0,
            7.263199962928001e-18
        ],
        [
            2.0,
            7.263199962928001e-18
        ],
        [
            1.0,
            7.263199962928001e-18
        ],
        [
            5.0,
            7.270359112870401e-18
        ],
        [
            4.0,
            7.270359112870401e-18
        ],
        [
            3.0,
            7.270359112870401e-18
        ],
        [
            2.0,
            7.270947100768e-18
        ],
        [
            3.0,
            7.271761543464e-18
        ],
        [
            2.0,
