{
    "name": "C++",
    "stoichiometry": {
        "C": 1
    },
    "molarmass": 0.0120107,
    "chargenumber": 2,
    "ionisationenergy": 7.672470887440893e-18,
    "energylevels": [
        [
            0.0,
            0.0
        ],
        [
            0.0,
            1.040243638844324e-18
        ],
        [
            1.0,
            1.0407142280239385e-18
        ],
        [
            2.0,
            1.0418337892802944e-18
        ],
        [
            1.0,
            2.0331685325229217e-18
        ],
        [
            0.0,
            2.7298880295882263e-18
        ],
        [
            1.0,
            2.7304581397382864e-18
        ],
        [
            2.0,
            2.731403886924502e-18
        ],
        [
            2.0,
            2.8977513019009975e-18
        ],
        [
            0.0,
            3.625659797067648e-18
        ],
        [
            1.0,
            4.731973838898402e-18
        ],
        [
            0.0,
            4.909905018087662e-18
        ],
        [
            1.0,
            5.143531588755506e-18
        ],
        [
            0.0,
            5.15891184954944e-18
        ],
        [
            1.0,
            5.159024481066891e-18
        ],
        [
            2.0,
            5.159284308271169e-18
        ],
        [
            1.0,
            5.3636207250622086e-18
        ],
        [
            2.0,
            5.363642575973882e-18
        ],
        [
            3.0,
            5.363698395120979e-18
        ],
        [
            2.0,
            5.4921841395046e-18
        ],
        [
            0.0,
            6.1225575148070694e-18
        ],
        [
            1.0,
            6.123199732965656e-18
        ],
        [
            2.0,
            6.124558065093222e-18
        ],
        [
            1.0,
            6.1472011716385556e-18
        ],
        [
            1.0,
            6.158109742680569e-18
        ],
        [
            0.0,
            6.192181074676472e-18
        ],
        [
            0.0,
            6.312813005470217e-18
        ],
        [
            1.0,
            6.3128577005168246e-18
        ],
        [
            2.0,
            6.312952851304936e-18
        ],
        [
            1.0,
            6.351073753168133e-18
        ],
        [
            1.0,
            6.3846637691732366e-18
        ],
        [
            2.0,
            6.384970277870638e-18
        ],
        [
            3.0,
            6.385433318553493e-18
        ],
        [
            2.0,
            6.396430882399418e-18
        ],
        [
            3.0,
            6.3965480827438556e-18
        ],
        [
            4.0,
            6.396714745606538e-18
        ],
        [
            1.0,
            6.404386997984863e-18
        ],
        [
            3.0,
            6.410303032998488e-18
        ],
        [
            1.0,
            6.417749426407956e-18
        ],
        [
            2.0,
            6.4182357085150454e-18
        ],
        [
            3.0,
            6.419009826722288e-18
        ],
        [
            2.0,
            6.44030771168706e-18
        ],
        [
            1.0,
            6.5012077916819305e-18
        ],
        [
            0.0,
            6.549023744410584e-18
        ],
        [
            1.0,
            6.549442685980785e-18
        ],
        [
            2.0,
            6.55017965763818e-18
        ],
        [
            2.0,
            6.6087343402317384e-18
        ],
        [
            2.0,
            6.6172150763420304e-18
        ],
        [
            2.0,
            6.622554644576744e-18
        ],
        [
            3.0,
            6.623042118551743e-18
        ],
        [
            4.0,
            6.623751081313265e-18
        ],
        [
            1.0,
            6.707355450406157e-18
        ],
        [
            2.0,
            6.707611900651359e-18
        ],
        [
            3.0,
            6.707992305159152e-18
        ],
        [
            0.0,
            6.724406114075305e-18
        ],
        [
            1.0,
            6.7526214017423615e-18
        ],
        [
            2.0,
            6.755941151159719e-18
        ],
        [
            1.0,
            6.7564514692696515e-18
        ],
        [
            0.0,
            6.756735531121423e-18
        ],
        [
            3.0,
            6.781151143892886e-18
        ],
        [
            1.0,
            6.818637177449606e-18
        ],
        [
            2.0,
            6.838004037756279e-18
        ],
        [
            1.0,
            6.838069789135955e-18
        ],
        [
            0.0,
            6.8381172652076855e-18
        ],
        [
            0.0,
            6.855136145732578e-18
        ],
        [
            1.0,
            6.863104577286422e-18
        ],
        [
            2.0,
            6.863107556956195e-18
        ],
        [
            3.0,
            6.863116098676214e-18
        ],
        [
            3.0,
            6.88461064184606e-18
        ],
        [
            4.0,
            6.88461064184606e-18
        ],
        [
            5.0,
            6.884616203896304e-18
        ],
        [
            4.0,
            6.884612628292575e-18
        ],
        [
            2.0,
            6.886182516974084e-18
        ],
        [
            1.0,
            6.887262945234076e-18
        ],
        [
            2.0,
            6.8959866237532615e-18
        ],
        [
            3.0,
            6.896013838070529e-18
        ],
        [
            4.0,
            6.89605654667062e-18
        ],
        [
            3.0,
            6.9299171166911884e-18
        ],
        [
            1.0,
            7.049064973292911e-18
        ],
        [
            0.0,
            7.092594969018879e-18
        ],
        [
            1.0,
            7.092610661946354e-18
        ],
        [
            2.0,
            7.092631718279422e-18
        ],
        [
            1.0,
            7.09379279626796e-18
        ],
        [
            2.0,
            7.113420874291476e-18
        ],
        [
            1.0,
            7.113420874291476e-18
        ],
        [
            3.0,
            7.113420874291476e-18
        ],
        [
            4.0,
            7.12522831238193e-18
        ],
        [
            3.0,
            7.125228709671233e-18
        ],
        [
            4.0,
            7.125228709671233e-18
        ],
        [
            5.0,
            7.125232682564264e-18
        ],
        [
            2.0,
            7.126037789337155e-18
        ],
        [
            4.0,
            7.126899311191095e-18
        ],
        [
            6.0,
            7.126899311191095e-18
        ],
        [
            5.0,
            7.126899311191095e-18
        ],
        [
            5.0,
            7.126899311191095e-18
        ],
        [
            2.0,
            7.128363719562611e-18
        ],
        [
            3.0,
            7.12836967890216e-18
        ],
        [
            4.0,
            7.128378021977526e-18
        ],
        [
            3.0,
            7.133765463573273e-18
        ],
        [
            1.0,
            7.222977769825175e-18
        ],
        [
            1.0,
            7.248463878624051e-18
        ],
        [
            3.0,
            7.26320331177196e-18
        ],
        [
            2.0,
            7.26320331177196e-18
        ],
        [
            1.0,
            7.26320331177196e-18
        ],
        [
            5.0,
            7.27036246501523e-18
        ],
        [
            4.0,
            7.27036246501523e-18
        ],
        [
            3.0,
            7.27036246501523e-18
        ],
        [
            2.0,
            7.270950453183932e-18
        ],
        [
            3.0,
