{
    "name": "C+",
    "stoichiometry": {
        "C": 1
    },
    "molarmass": 0.0120107,
    "chargenumber": 1,
    "ionisationenergy": 3.90683772578823e-18,
    "energylevels": [
        [
            0.5,
            0.0
        ],
        [
            1.5,
            1.259804380377799e-21
        ],
        [
            0.5,
            8.542375545679692e-19
        ],
        [
            1.5,
            8.546745728014652e-19
        ],
        [
            2.5,
            8.552367371654621e-19
        ],
        [
            2.5,
            1.4884463608033196e-18
        ],
        [
            1.5,
            1.4884964192555198e-18
        ],
        [
            0.5,
            1.9167965362825047e-18
        ],
        [
            0.5,
            2.1974899706978602e-18
        ],
        [
            1.5,
            2.1983121609107874e-18
        ],
        [
            0.5,
            2.3149580881257457e-18
        ],
        [
            0.5,
            2.616634158443802e-18
        ],
        [
            1.5,
            2.616855647230324e-18
        ],
        [
            1.5,
            2.821292379570415e-18
        ],
        [
            1.5,
            2.8912584028191574e-18
        ],
        [
            2.5,
            2.891286809004335e-18
        ],
        [
            2.5,
            2.9888388136639013e-18
        ],
        [
            1.5,
            2.9889403210808638e-18
        ],
        [
            0.5,
            3.123370705307939e-18
        ],
        [
            0.5,
            3.2283309636038682e-18
        ],
        [
            1.5,
            3.2284636582311293e-18
        ],
        [
            0.5,
            3.3167127365674774e-18
        ],
        [
            1.5,
            3.3171815379452277e-18
        ],
        [
            2.5,
            3.318075041588075e-18
        ],
        [
            1.5,
            3.339688175614919e-18
        ],
        [
            2.5,
            3.3397022793851824e-18
        ],
        [
            0.5,
            3.351721869963533e-18
        ],
        [
            1.5,
            3.352094725974565e-18
        ],
        [
            2.5,
            3.35666434753972e-18
        ],
        [
            3.5,
            3.35666434753972e-18
        ],
        [
            0.5,
            3.4434621280515586e-18
        ],
        [
            0.5,
            3.481990251450514e-18
        ],
        [
            1.5,
            3.4821364539140834e-18
        ],
        [
            0.5,
            3.531397149193744e-18
        ],
        [
            1.5,
            3.531773580808506e-18
        ],
        [
            1.5,
            3.545709893630039e-18
        ],
        [
            2.5,
            3.545721812309134e-18
        ],
        [
            3.5,
            3.554864035109218e-18
        ],
        [
            2.5,
            3.554864035109218e-18
        ],
        [
            4.5,
            3.557190362623977e-18
        ],
        [
            3.5,
            3.557190362623977e-18
        ],
        [
            0.5,
            3.60071718003552e-18
        ],
        [
            0.5,
            3.609306972059534e-18
        ],
        [
            1.5,
            3.609592424423867e-18
        ],
        [
            2.5,
            3.610089433342143e-18
        ],
        [
            3.5,
            3.6108117052953204e-18
        ],
        [
            0.5,
            3.615806625059527e-18
        ],
        [
            1.5,
            3.616194975353384e-18
        ],
        [
            0.5,
            3.635062641650616e-18
        ],
        [
            1.5,
            3.6350711833706345e-18
        ],
        [
            1.5,
            3.65654327969485e-18
        ],
        [
            2.5,
            3.65655698617581e-18
        ],
        [
            2.5,
            3.662531820006305e-18
        ],
        [
            3.5,
            3.662531820006305e-18
        ],
        [
            4.5,
            3.6639860975005884e-18
        ],
        [
            3.5,
            3.6639860975005884e-18
        ],
        [
            5.5,
            3.664328362235277e-18
        ],
        [
            4.5,
            3.664328362235277e-18
        ],
        [
            1.5,
            3.668787537374148e-18
        ],
        [
            0.5,
            3.689485316846469e-18
        ],
        [
            0.5,
            3.703279598742117e-18
        ],
        [
            1.5,
            3.703604184102814e-18
        ],
        [
            2.5,
            3.704047757609812e-18
        ],
        [
            0.5,
            3.7096074241184866e-18
        ],
        [
            1.5,
            3.70961536990455e-18
        ],
        [
            1.5,
            3.721667140916458e-18
        ],
        [
            2.5,
            3.721667140916458e-18
        ],
        [
            2.5,
            3.727400025561319e-18
        ],
        [
            3.5,
            3.727400025561319e-18
        ],
        [
            4.5,
            3.7283892759262314e-18
        ],
        [
            3.5,
            3.7283892759262314e-18
        ],
        [
            5.5,
            3.728579974791757e-18
        ],
        [
            4.5,
            3.728579974791757e-18
        ],
        [
            1.5,
            3.746065670247884e-18
        ],
        [
            2.5,
            3.746737486459558e-18
        ],
        [
            4.5,
            3.770160273262379e-18
        ],
        [
            3.5,
            3.770160273262379e-18
        ],
        [
            1.5,
            3.888520305175899e-18
        ],
        [
            2.5,
            3.888783906628558e-18
        ],
        [
            3.5,
            3.8891790108405685e-18
        ],
        [
            4.5,
            3.8897336267078054e-18
        ],
        [
            0.5,
            3.904516960323714e-18
        ],
        [
            1.5,
            3.904627009460695e-18
        ],
        [
            2.5,
            3.904794069612682e-18
        ],
        [
            3.5,
            3.904995495289392e-18
        ],
        [
            1.5,
            3.9416150408758804e-18
        ],
        [
            2.5,
            3.9418311662568095e-18
        ],
        [
            2.5,
            3.949929710057444e-18
        ],
        [
            1.5,
            3.9503518299420704e-18
        ],
        [
            0.5,
            3.950625164982657e-18
        ],
        [
            2.5,
            3.9717291727674784e-18
        ],
        [
            3.5,
            3.972560103345075e-18
        ],
        [
            1.5,
            4.016194586157779e-18
        ],
        [
            0.5,
            4.0166846425132494e-18
        ],
        [
            0.5,
            4.1626455541864625e-18
        ],
        [
            1.5,
            4.163124287796793e-18
        ],
        [
            2.5,
            4.16403527216898e-18
        ],
        [
            0.5,
            4.259027343203518e-18
        ],
        [
            1.5,
            4.25953627080089e-18
        ],
        [
            0.5,
            4.2660907497247225e-18
        ],
        [
            1.5,
            4.2663475972592266e-18
        ],
        [
            2.5,
            4.266793157212741e-18
        ],
        [
            3.5,
            4.2674784812607235e-18
        ],
        [
            1.5,
            4.2861113495797765e-18
        ],
        [
            0.5,
            4.297932096861887e-18
        ],
        [
            1.5,
            4.298264826653299e-18
        ],
        [
            2.5,
            4.298681583132332e-18
        ],
        [
            2.5,
            4.309138833525935e-18
        ],
        [
            1.5,
