{
    "name": "C+",
    "stoichiometry": {
        "C": 1
    },
    "molarmass": 0.0120107,
    "chargenumber": 1,
    "ionisationenergy": 3.9068359244632e-18,
    "energylevels": [
        [
            0.5,
            0.0
        ],
        [
            1.5,
            1.2598037995200001e-21
        ],
        [
            0.5,
            8.542371607048001e-19
        ],
        [
            1.5,
            8.546741787368001e-19
        ],
        [
            2.5,
            8.552363428416e-19
        ],
        [
            2.5,
            1.4884456745256001e-18
        ],
        [
            1.5,
            1.48849573295472e-18
        ],
        [
            0.5,
            1.91679565250544e-18
        ],
        [
            0.5,
            2.19748895750152e-18
        ],
        [
            1.5,
            2.19831114733536e-18
        ],
        [
            0.5,
            2.3149570207684e-18
        ],
        [
            0.5,
            2.61663295199272e-18
        ],
        [
            1.5,
            2.61685444067712e-18
        ],
        [
            1.5,
            2.8212910787576e-18
        ],
        [
            1.5,
            2.89125706974712e-18
        ],
        [
            2.5,
            2.8912854759192004e-18
        ],
        [
            2.5,
            2.98883743560048e-18
        ],
        [
            1.5,
            2.9889389429706403e-18
        ],
        [
            0.5,
            3.1233692652159203e-18
        ],
        [
            0.5,
            3.2283294751178405e-18
        ],
        [
            1.5,
            3.2284621696839205e-18
        ],
        [
            0.5,
            3.3167112073312803e-18
        ],
        [
            1.5,
            3.3171800084928805e-18
        ],
        [
            2.5,
            3.31807351172376e-18
        ],
        [
            1.5,
            3.33968663578544e-18
        ],
        [
            2.5,
            3.3397007395492004e-18
        ],
        [
            0.5,
            3.35172032458568e-18
        ],
        [
            1.5,
            3.3520931804248e-18
        ],
        [
            3.5,
            3.35666279988304e-18
        ],
        [
            2.5,
            3.35666279988304e-18
        ],
        [
            0.5,
            3.44346054037504e-18
        ],
        [
            0.5,
            3.48198864600984e-18
        ],
        [
            1.5,
            3.482134848406e-18
        ],
        [
            0.5,
            3.53139552097304e-18
        ],
        [
            1.5,
            3.5317719524142406e-18
        ],
        [
            1.5,
            3.54570825881016e-18
        ],
        [
            2.5,
            3.54572017748376e-18
        ],
        [
            2.5,
            3.5548623960686405e-18
        ],
        [
            3.5,
            3.5548623960686405e-18
        ],
        [
            3.5,
            3.5571887225108e-18
        ],
        [
            4.5,
            3.5571887225108e-18
        ],
        [
            0.5,
            3.60071551985344e-18
        ],
        [
            0.5,
            3.60930530791696e-18
        ],
        [
            1.5,
            3.60959076014968e-18
        ],
        [
            2.5,
            3.6100877688388e-18
        ],
        [
            3.5,
            3.61081004045896e-18
        ],
        [
            0.5,
            3.61580495792016e-18
        ],
        [
            1.5,
            3.6161933080349606e-18
        ],
        [
            0.5,
            3.635060965632881e-18
        ],
        [
            1.5,
            3.635069507348961e-18
        ],
        [
            1.5,
            3.65654159377304e-18
        ],
        [
            2.5,
            3.65655530024768e-18
        ],
        [
            3.5,
            3.66253013132336e-18
        ],
        [
            2.5,
            3.66253013132336e-18
        ],
        [
            4.5,
            3.66398440814712e-18
        ],
        [
            3.5,
            3.66398440814712e-18
        ],
        [
            5.5,
            3.664326672724e-18
        ],
        [
            4.5,
            3.664326672724e-18
        ],
        [
            1.5,
            3.66878584580688e-18
        ],
        [
            0.5,
            3.68948361573608e-18
        ],
        [
            0.5,
            3.7032778912716005e-18
        ],
        [
            1.5,
            3.70360247648264e-18
        ],
        [
            2.5,
            3.70404604978512e-18
        ],
        [
            0.5,
            3.7096057137304e-18
        ],
        [
            1.5,
            3.7096136595128e-18
        ],
        [
            2.5,
            3.721665424968e-18
        ],
        [
            1.5,
            3.721665424968e-18
        ],
        [
            3.5,
            3.7273983069696005e-18
        ],
        [
            2.5,
            3.7273983069696005e-18
        ],
        [
            3.5,
            3.7283875568784e-18
        ],
        [
            4.5,
            3.7283875568784e-18
        ],
        [
            4.5,
            3.728578255656e-18
        ],
        [
            5.5,
            3.728578255656e-18
        ],
        [
            1.5,
            3.74606394305e-18
        ],
        [
            2.5,
            3.7467357589519205e-18
        ],
        [
            4.5,
            3.7701585349552006e-18
        ],
        [
            3.5,
            3.7701585349552006e-18
        ],
        [
            1.5,
            3.88851851229648e-18
        ],
        [
            2.5,
            3.8887821136276e-18
        ],
        [
            3.5,
            3.88917721765744e-18
        ],
        [
            4.5,
            3.8897318332689606e-18
        ],
        [
            0.5,
            3.90451516006872e-18
        ],
        [
            1.5,
            3.9046252091549606e-18
        ],
        [
            2.5,
            3.90479226922992e-18
        ],
        [
            3.5,
            3.90499369481376e-18
        ],
        [
            1.5,
            3.9416132235160805e-18
        ],
        [
            2.5,
            3.9418293487973605e-18
        ],
        [
            2.5,
            3.949927888864e-18
        ],
        [
            1.5,
            3.950350008554e-18
        ],
        [
            0.5,
            3.9506233434685605e-18
        ],
        [
            2.5,
            3.97172734152296e-18
        ],
        [
            3.5,
            3.97255827171744e-18
        ],
        [
            1.5,
            4.0161927344116004e-18
        ],
        [
            0.5,
            4.01668279054112e-18
        ],
        [
            0.5,
            4.16264363491616e-18
        ],
        [
            1.5,
            4.16312236830576e-18
        ],
        [
            2.5,
            4.1640333522579205e-18
        ],
        [
            0.5,
            4.25902537949448e-18
        ],
        [
            1.5,
            4.259534306857201e-18
        ],
        [
            0.5,
            4.26608878275896e-18
        ],
        [
            1.5,
            4.2663456301750404e-18
        ],
        [
            2.5,
            4.26679118992312e-18
        ],
        [
            3.5,
            4.26747651365512e-18
        ],
        [
            1.5,
            4.28610937338312e-18
        ],
        [
            0.5,
            4.2979301152150404e-18
        ],
        [
            1.5,
            4.29826284485304e-18
        ],
        [
            2.5,
            4.298679601139921e-18
        ],
        [
            2.5,
            4.309136846712e-18
        ],
        [
            1.5,
            4.36137122834224e-18
        ],
        [
            2.5,
            4.3616415835884e-18
