{
    "name": "O++",
    "stoichiometry": {
        "O": 1
    },
    "molarmass": 0.0159994,
    "chargenumber": 2,
    "ionisationenergy": 8.801646544933729e-18,
    "energylevels": [
        [
            0.0,
            0.0
        ],
        [
            1.0,
            2.2482204377546285e-21
        ],
        [
            2.0,
            6.081982755562791e-21
        ],
        [
            2.0,
            4.0271766557208803e-19
        ],
        [
            0.0,
            8.578616275915599e-19
        ],
        [
            2.0,
            1.1983196891733026e-18
        ],
        [
            3.0,
            2.3842364035906875e-18
        ],
        [
            2.0,
            2.3847965815081686e-18
        ],
        [
            1.0,
            2.384891930940931e-18
        ],
        [
            2.0,
            2.8283224137901514e-18
        ],
        [
            1.0,
            2.8283383053622784e-18
        ],
        [
            0.0,
            2.828570719604638e-18
        ],
        [
            2.0,
            3.715727665833946e-18
        ],
        [
            1.0,
            3.9150417498988575e-18
        ],
        [
            1.0,
            4.180711093380578e-18
        ],
        [
            0.0,
            5.308951333209081e-18
        ],
        [
            1.0,
            5.311303285883894e-18
        ],
        [
            2.0,
            5.316406268338566e-18
        ],
        [
            1.0,
            5.4246145653326284e-18
        ],
        [
            2.0,
            5.6367346741515314e-18
        ],
        [
            1.0,
            5.641059168216626e-18
        ],
        [
            0.0,
            5.642936360174143e-18
        ],
        [
            1.0,
            5.779730019821172e-18
        ],
        [
            1.0,
            5.837500651974908e-18
        ],
        [
            2.0,
            5.8402095690886275e-18
        ],
        [
            3.0,
            5.8445839229612705e-18
        ],
        [
            1.0,
            5.9108436343006645e-18
        ],
        [
            2.0,
            5.925450770110615e-18
        ],
        [
            0.0,
            5.9639069841456946e-18
        ],
        [
            1.0,
            5.96553646622268e-18
        ],
        [
            2.0,
            5.9681305667277814e-18
        ],
        [
            2.0,
            6.090168504365474e-18
        ],
        [
            0.0,
            6.233524191433097e-18
        ],
        [
            2.0,
            6.445321304048517e-18
        ],
        [
            3.0,
            6.449213150062449e-18
        ],
        [
            4.0,
            6.4527535936877215e-18
        ],
        [
            2.0,
            6.450700005279594e-18
        ],
        [
            1.0,
            6.50023403559984e-18
        ],
        [
            2.0,
            6.501208387615884e-18
        ],
        [
            3.0,
            6.502675775657173e-18
        ],
        [
            2.0,
            6.544741363011626e-18
        ],
        [
            1.0,
            6.547007699841606e-18
        ],
        [
            0.0,
            6.5482243983325895e-18
        ],
        [
            3.0,
            6.591455433857916e-18
        ],
        [
            1.0,
            6.610475659247568e-18
        ],
        [
            1.0,
            6.725655986223102e-18
        ],
        [
            2.0,
            6.728133680962372e-18
        ],
        [
            3.0,
            6.731332853076215e-18
        ],
        [
            0.0,
            6.819596035182825e-18
        ],
        [
            0.0,
            6.953049286368733e-18
        ],
        [
            1.0,
            6.955034938306018e-18
        ],
        [
            2.0,
            6.958489964731107e-18
        ],
        [
            0.0,
            7.086375802266929e-18
        ],
        [
            1.0,
            7.088534672340399e-18
        ],
        [
            2.0,
            7.093938402797576e-18
        ],
        [
            1.0,
            7.124765867633031e-18
        ],
        [
            1.0,
            7.216032755516319e-18
        ],
        [
            0.0,
            7.260999945296535e-18
        ],
        [
            1.0,
            7.261692619196626e-18
        ],
        [
            2.0,
            7.263052341836752e-18
        ],
        [
            3.0,
            7.265044350402886e-18
        ],
        [
            4.0,
            7.267571309015752e-18
        ],
        [
            1.0,
            7.264966481699464e-18
        ],
        [
            1.0,
            7.280097046166351e-18
        ],
        [
            2.0,
            7.282228701922554e-18
        ],
        [
            3.0,
            7.286337865185324e-18
        ],
        [
            1.0,
            7.30920742663347e-18
        ],
        [
            1.0,
            7.32082317263514e-18
        ],
        [
            2.0,
            7.32196100919944e-18
        ],
        [
            3.0,
            7.323968710693052e-18
        ],
        [
            0.0,
            7.356391093436114e-18
        ],
        [
            1.0,
            7.35816181186038e-18
        ],
        [
            2.0,
            7.360310551056618e-18
        ],
        [
            2.0,
            7.367774226550773e-18
        ],
        [
            1.0,
            7.440665292294165e-18
        ],
        [
            2.0,
            7.442490439352966e-18
        ],
        [
            3.0,
            7.445105000257182e-18
        ],
        [
            2.0,
            7.470626467804039e-18
        ],
        [
            2.0,
            7.496562705383417e-18
        ],
        [
            3.0,
            7.50007335231095e-18
        ],
        [
            4.0,
            7.503773307591448e-18
        ],
        [
            2.0,
            7.502546875512537e-18
        ],
        [
            2.0,
            7.516826446292017e-18
        ],
        [
            1.0,
            7.517067998188349e-18
        ],
        [
            0.0,
            7.517412050724901e-18
        ],
        [
            1.0,
            7.533144508486103e-18
        ],
        [
            2.0,
            7.534453179450771e-18
        ],
        [
            3.0,
            7.535718943170697e-18
        ],
        [
            3.0,
            7.560657785954445e-18
        ],
        [
            2.0,
            7.560850471266487e-18
        ],
        [
            3.0,
            7.561831775845336e-18
        ],
        [
            4.0,
            7.562121797036656e-18
        ],
        [
            2.0,
            7.562531203663582e-18
        ],
        [
            1.0,
            7.562757857211044e-18
        ],
        [
            0.0,
            7.563136871206276e-18
        ],
        [
            3.0,
            7.564034149097504e-18
        ],
        [
            1.0,
            7.570134526347805e-18
        ],
        [
            3.0,
            7.57187524942968e-18
        ],
        [
            4.0,
            7.572558587031146e-18
        ],
        [
            5.0,
            7.576396401699846e-18
        ],
        [
            4.0,
            7.577747185330651e-18
        ],
        [
            3.0,
            7.577435313227657e-18
        ],
        [
            2.0,
            7.577852466995993e-18
        ],
        [
            1.0,
            7.580752678909194e-18
        ],
        [
            2.0,
            7.581173805570563e-18
        ],
        [
            0.0,
            7.783508480207538e-18
        ],
        [
            1.0,
            7.785237483254968e-18
        ],
        [
            2.0,
            7.791032543675777e-18
        ],
        [
            1.0,
