{
    "name": "O++",
    "stoichiometry": {
        "O": 1
    },
    "molarmass": 0.0159994,
    "chargenumber": 2,
    "numberofparticles": 0,
    "x0": 0,
    "numberdensity": 0,
    "ionisationenergy": 8.80164248676e-18,
    "energylevels": [
        [
            0.0,
            0.0
        ],
        [
            1.0,
            2.248219401168e-21
        ],
        [
            2.0,
            6.081979951344e-21
        ],
        [
            2.0,
            4.0271747989112005e-19
        ],
        [
            0.0,
            8.5786123205744e-19
        ],
        [
            2.0,
            1.1983191366642402e-18
        ],
        [
            3.0,
            2.3842353042912003e-18
        ],
        [
            2.0,
            2.3847954819504e-18
        ],
        [
            1.0,
            2.3848908313392e-18
        ],
        [
            2.0,
            2.8283211097360003e-18
        ],
        [
            1.0,
            2.8283370013008e-18
        ],
        [
            0.0,
            2.8285694154360003e-18
        ],
        [
            2.0,
            3.7157259526240006e-18
        ],
        [
            1.0,
            3.915039944791201e-18
        ],
        [
            1.0,
            4.1807091657808e-18
        ],
        [
            0.0,
            5.308948885411761e-18
        ],
        [
            1.0,
            5.31130083700216e-18
        ],
        [
            2.0,
            5.3164038171040005e-18
        ],
        [
            1.0,
            5.424612064206481e-18
        ],
        [
            2.0,
            5.6367320752232006e-18
        ],
        [
            1.0,
            5.641056567294401e-18
        ],
        [
            0.0,
            5.642933758386401e-18
        ],
        [
            1.0,
            5.7797273549620005e-18
        ],
        [
            1.0,
            5.83749796047944e-18
        ],
        [
            2.0,
            5.84020687634416e-18
        ],
        [
            3.0,
            5.8445812281999206e-18
        ],
        [
            1.0,
            5.91084090898896e-18
        ],
        [
            2.0,
            5.9254480380640006e-18
        ],
        [
            0.0,
            5.96390423436808e-18
        ],
        [
            1.0,
            5.965533715693761e-18
        ],
        [
            2.0,
            5.9681278150028e-18
        ],
        [
            2.0,
            6.090165696372481e-18
        ],
        [
            0.0,
            6.233521317343121e-18
        ],
        [
            2.0,
            6.445318332305281e-18
        ],
        [
            3.0,
            6.4492101765248e-18
        ],
        [
            4.0,
            6.452750618517681e-18
        ],
        [
            2.0,
            6.4506970310564006e-18
        ],
        [
            1.0,
            6.5002310385380005e-18
        ],
        [
            2.0,
            6.5012053901048005e-18
        ],
        [
            3.0,
            6.50267277746952e-18
        ],
        [
            2.0,
            6.5447383454288e-18
        ],
        [
            1.0,
            6.547004681213841e-18
        ],
        [
            0.0,
            6.5482213791438406e-18
        ],
        [
            3.0,
            6.59145239473664e-18
        ],
        [
            1.0,
            6.610472611356641e-18
        ],
        [
            1.0,
            6.725652885226e-18
        ],
        [
            2.0,
            6.72813057882288e-18
        ],
        [
            3.0,
            6.731329749461681e-18
        ],
        [
            0.0,
            6.8195928908728e-18
        ],
        [
            0.0,
            6.953046080527441e-18
        ],
        [
            1.0,
            6.955031731549201e-18
        ],
        [
            2.0,
            6.958486756381281e-18
        ],
        [
            0.0,
            7.0863725349528e-18
        ],
        [
            1.0,
            7.08853140403088e-18
        ],
        [
            2.0,
            7.093935131996561e-18
        ],
        [
            1.0,
            7.124762582618401e-18
        ],
        [
            1.0,
            7.21602942842128e-18
        ],
        [
            0.0,
            7.26099659746848e-18
        ],
        [
            1.0,
            7.2616892710492e-18
        ],
        [
            2.0,
            7.263048993062401e-18
        ],
        [
            3.0,
            7.26504100071008e-18
        ],
        [
            4.0,
            7.26756795815784e-18
        ],
        [
            1.0,
            7.26496313204256e-18
        ],
        [
            1.0,
            7.280093689533201e-18
        ],
        [
            2.0,
            7.28222534430656e-18
        ],
        [
            3.0,
            7.28633450567472e-18
        ],
        [
            1.0,
            7.3092040565784e-18
        ],
        [
            1.0,
            7.320819797224401e-18
        ],
        [
            2.0,
            7.32195763326408e-18
        ],
        [
            3.0,
            7.323965333832001e-18
        ],
        [
            0.0,
            7.35638770162608e-18
        ],
        [
            1.0,
            7.35815841923392e-18
        ],
        [
            2.0,
            7.360307157439441e-18
        ],
        [
            2.0,
            7.36777082949232e-18
        ],
        [
            1.0,
            7.44066186162784e-18
        ],
        [
            2.0,
            7.44248700784512e-18
        ],
        [
            3.0,
            7.445101567543841e-18
        ],
        [
            2.0,
            7.47062302332352e-18
        ],
        [
            2.0,
            7.49655924894448e-18
        ],
        [
            3.0,
            7.50006989425336e-18
        ],
        [
            4.0,
            7.50376984782792e-18
        ],
        [
            2.0,
            7.502543416314481e-18
        ],
        [
            2.0,
            7.51682298051008e-18
        ],
        [
            1.0,
            7.51706453229504e-18
        ],
        [
            0.0,
            7.51740858467296e-18
        ],
        [
            1.0,
            7.5331410351804e-18
        ],
        [
            2.0,
            7.534449705541681e-18
        ],
        [
            3.0,
            7.535715468678e-18
        ],
        [
            3.0,
            7.5606542999632e-18
        ],
        [
            2.0,
            7.560846985186401e-18
        ],
        [
            3.0,
            7.5618282893128e-18
        ],
        [
            4.0,
            7.5621183103704e-18
        ],
        [
            2.0,
            7.562527716808561e-18
        ],
        [
            1.0,
            7.56275437025152e-18
        ],
        [
            0.0,
            7.563133384072e-18
        ],
        [
            3.0,
            7.56403066154952e-18
        ],
        [
            1.0,
            7.570131035987121e-18
        ],
        [
            3.0,
            7.571871758266401e-18
        ],
        [
            4.0,
            7.5725550955528e-18
        ],
        [
            5.0,
            7.576392908452e-18
        ],
        [
            4.0,
            7.577743691460001e-18
        ],
        [
            3.0,
            7.5774318195008e-18
        ],
        [
            2.0,
            7.5778489730768e-18
        ],
        [
            1.0,
            7.5807491836528e-18
        ],
        [
            2.0,
            7.58117031012e-18
        ],
        [
            0.0,
            7.783504891466561e-18
        ],
        [
            1.0,
            7.7852338937168e-18
        ],
        [
            2.0,
            7.79102895146568e-18
        ],
        [
            1.0,
            7.80239022843032e-18
        ],
