{
    "name": "Si++",
    "stoichiometry": {
        "Si": 1
    },
    "molarmass": 0.0280855,
    "chargenumber": 2,
    "numberofparticles": 0,
    "x0": 0,
    "numberdensity": 0,
    "ionisationenergy": 5.3661702387208e-18,
    "energylevels": [
        [
            0.0,
            0.0
        ],
        [
            0.0,
            1.0473472846186401e-18
        ],
        [
            1.0,
            1.04990165501568e-18
        ],
        [
            2.0,
            1.0551007790845602e-18
        ],
        [
            1.0,
            1.6464537155309601e-18
        ],
        [
            2.0,
            2.4277249551011202e-18
        ],
        [
            0.0,
            2.5765877978532e-18
        ],
        [
            1.0,
            2.57924010001832e-18
        ],
        [
            2.0,
            2.5843760551171202e-18
        ],
        [
            3.0,
            2.83949963370544e-18
        ],
        [
            2.0,
            2.83954134906304e-18
        ],
        [
            1.0,
            2.8395892224020003e-18
        ],
        [
            1.0,
            3.0467516611348e-18
        ],
        [
            0.0,
            3.0480861552888803e-18
        ],
        [
            0.0,
            3.15983126878216e-18
        ],
        [
            2.0,
            3.2928315488400002e-18
        ],
        [
            0.0,
            3.48084882352456e-18
        ],
        [
            1.0,
            3.4815061383736e-18
        ],
        [
            2.0,
            3.48295942197456e-18
        ],
        [
            1.0,
            3.5058220203186406e-18
        ],
        [
            2.0,
            3.9515001605564e-18
        ],
        [
            3.0,
            3.9535529534394404e-18
        ],
        [
            4.0,
            3.956286501229601e-18
        ],
        [
            1.0,
            4.0046292372848805e-18
        ],
        [
            2.0,
            4.00464016273568e-18
        ],
        [
            3.0,
            4.00466400008288e-18
        ],
        [
            2.0,
            4.058919987400241e-18
        ],
        [
            3.0,
            4.06879798543536e-18
        ],
        [
            2.0,
            4.07279133702504e-18
        ],
        [
            1.0,
            4.09557566941248e-18
        ],
        [
            0.0,
            4.12930571434504e-18
        ],
        [
            2.0,
            4.1622272759184005e-18
        ],
        [
            3.0,
            4.16278209017448e-18
        ],
        [
            4.0,
            4.163584018263201e-18
        ],
        [
            1.0,
            4.261564851549521e-18
        ],
        [
            2.0,
            4.27064489438712e-18
        ],
        [
            1.0,
            4.2707517651604e-18
        ],
        [
            0.0,
            4.27076785536976e-18
        ],
        [
            2.0,
            4.29450151010944e-18
        ],
        [
            1.0,
            4.296457165802641e-18
        ],
        [
            0.0,
            4.2976802203585606e-18
        ],
        [
            1.0,
            4.31825006319112e-18
        ],
        [
            2.0,
            4.319325723483521e-18
        ],
        [
            3.0,
            4.32031040456744e-18
        ],
        [
            3.0,
            4.4799578591264804e-18
        ],
        [
            0.0,
            4.4973128384000006e-18
        ],
        [
            1.0,
            4.49984396738352e-18
        ],
        [
            2.0,
            4.50566147196768e-18
        ],
        [
            1.0,
            4.510844307182641e-18
        ],
        [
            2.0,
            4.51090429783976e-18
        ],
        [
            3.0,
            4.51099388653632e-18
        ],
        [
            2.0,
            4.5224431630410405e-18
        ],
        [
            1.0,
            4.5429961210860005e-18
        ],
        [
            1.0,
            4.5613397543346404e-18
        ],
        [
            2.0,
            4.574142594871201e-18
        ],
        [
            3.0,
            4.57416087017072e-18
        ],
        [
            4.0,
            4.5742013936609606e-18
        ],
        [
            3.0,
            4.57480845143632e-18
        ],
        [
            4.0,
            4.5748171917969605e-18
        ],
        [
            5.0,
            4.574830898271601e-18
        ],
        [
            4.0,
            4.57482414435656e-18
        ],
        [
            0.0,
            4.57606467963376e-18
        ],
        [
            1.0,
            4.6559829617238406e-18
        ],
        [
            0.0,
            4.6565278437519206e-18
        ],
        [
            1.0,
            4.6567926369504004e-18
        ],
        [
            2.0,
            4.6570663691540805e-18
        ],
        [
            3.0,
            4.67636965427208e-18
        ],
        [
            1.0,
            4.68704004545704e-18
        ],
        [
            1.0,
            4.77267948951968e-18
        ],
        [
            2.0,
            4.77311650755168e-18
        ],
        [
            3.0,
            4.7737193937912806e-18
        ],
        [
            2.0,
            4.77839032197512e-18
        ],
        [
            1.0,
            4.8100806845656e-18
        ],
        [
            2.0,
            4.8153602596812804e-18
        ],
        [
            3.0,
            4.81536800681912e-18
        ],
        [
            4.0,
            4.815376548535201e-18
        ],
        [
            3.0,
            4.8166073502289605e-18
        ],
        [
            4.0,
            4.81661132312016e-18
        ],
        [
            5.0,
            4.81663019435336e-18
        ],
        [
            4.0,
            4.81661946754712e-18
        ],
        [
            0.0,
            4.8178844361052005e-18
        ],
        [
            4.0,
            4.8198992878772804e-18
        ],
        [
            5.0,
            4.8198992878772804e-18
        ],
        [
            6.0,
            4.8198992878772804e-18
        ],
        [
            5.0,
            4.8198992878772804e-18
        ],
        [
            1.0,
            4.8247843548968e-18
        ],
        [
            3.0,
            4.8443150880360004e-18
        ],
        [
            1.0,
            4.8615659775600804e-18
        ],
        [
            2.0,
            4.8641308761188e-18
        ],
        [
            3.0,
            4.86851158460048e-18
        ],
        [
            1.0,
            4.86423854147032e-18
        ],
        [
            0.0,
            4.86537578157632e-18
        ],
        [
            1.0,
            4.86546795265216e-18
        ],
        [
            2.0,
            4.86566560398936e-18
        ],
        [
            0.0,
            4.923835683716961e-18
        ],
        [
            1.0,
            4.9254651650426404e-18
        ],
        [
            2.0,
            4.92972311118624e-18
        ],
        [
            2.0,
            4.9251016454978406e-18
        ],
        [
            1.0,
            4.94173753146416e-18
        ],
        [
            1.0,
            4.948106870636e-18
        ],
        [
            2.0,
            4.9483134609784e-18
        ],
        [
            3.0,
            4.9486559241998405e-18
        ],
        [
            1.0,
            4.96146949154264e-18
        ],
        [
            2.0,
            4.9616341678828805e-18
        ],
        [
            3.0,
            4.961638538063201e-18
        ],
        [
            4.0,
            4.961644100110881e-18
        ],
        [
            3.0,
            4.962485161177921e-18
        ],
        [
            4.0,
            4.9624956893396006e-18
        ],
        [
