{
    "name": "Si++",
    "stoichiometry": {
        "Si": 1
    },
    "molarmass": 0.0280855,
    "chargenumber": 2,
    "ionisationenergy": 5.3661727129011726e-18,
    "energylevels": [
        [
            0.0,
            0.0
        ],
        [
            0.0,
            1.0473477675191035e-18
        ],
        [
            1.0,
            1.049902139093887e-18
        ],
        [
            2.0,
            1.0551012655599274e-18
        ],
        [
            1.0,
            1.6464544746614547e-18
        ],
        [
            2.0,
            2.427726074452383e-18
        ],
        [
            0.0,
            2.576588985840661e-18
        ],
        [
            1.0,
            2.579241289228678e-18
        ],
        [
            2.0,
            2.584377246695513e-18
        ],
        [
            3.0,
            2.839500942913674e-18
        ],
        [
            2.0,
            2.8395426582905076e-18
        ],
        [
            1.0,
            2.8395905316515407e-18
        ],
        [
            1.0,
            3.046753065900736e-18
        ],
        [
            0.0,
            3.048087560670112e-18
        ],
        [
            0.0,
            3.1598327256857162e-18
        ],
        [
            2.0,
            3.292833067066002e-18
        ],
        [
            0.0,
            3.480850428439696e-18
        ],
        [
            1.0,
            3.481507743591805e-18
        ],
        [
            2.0,
            3.48296102786283e-18
        ],
        [
            1.0,
            3.505823636748169e-18
        ],
        [
            2.0,
            3.951501982474771e-18
        ],
        [
            3.0,
            3.953554776304292e-18
        ],
        [
            4.0,
            3.9562883253548096e-18
        ],
        [
            1.0,
            4.004631083699477e-18
        ],
        [
            2.0,
            4.0046420091553145e-18
        ],
        [
            3.0,
            4.004665846513505e-18
        ],
        [
            2.0,
            4.0589218588466755e-18
        ],
        [
            3.0,
            4.068799861436245e-18
        ],
        [
            2.0,
            4.072793214867139e-18
        ],
        [
            1.0,
            4.0955775577597524e-18
        ],
        [
            0.0,
            4.1293076182442264e-18
        ],
        [
            2.0,
            4.162229194996732e-18
        ],
        [
            3.0,
            4.1627840095086205e-18
        ],
        [
            4.0,
            4.163585937967086e-18
        ],
        [
            1.0,
            4.261566816429433e-18
        ],
        [
            2.0,
            4.270646863453569e-18
        ],
        [
            1.0,
            4.2707537342761235e-18
        ],
        [
            0.0,
            4.270769824492902e-18
        ],
        [
            2.0,
            4.29450349017546e-18
        ],
        [
            1.0,
            4.296459146770354e-18
        ],
        [
            0.0,
            4.297682201890188e-18
        ],
        [
            1.0,
            4.318252054206886e-18
        ],
        [
            2.0,
            4.3193277149952416e-18
        ],
        [
            3.0,
            4.320312396533168e-18
        ],
        [
            3.0,
            4.479959924700867e-18
        ],
        [
            0.0,
            4.497314911976249e-18
        ],
        [
            1.0,
            4.499846042126797e-18
        ],
        [
            2.0,
            4.5056635493932336e-18
        ],
        [
            1.0,
            4.5108463869978435e-18
        ],
        [
            2.0,
            4.510906377682623e-18
        ],
        [
            3.0,
            4.5109959664204906e-18
        ],
        [
            2.0,
            4.522445248204129e-18
        ],
        [
            1.0,
            4.542998215725442e-18
        ],
        [
            1.0,
            4.561341857431782e-18
        ],
        [
            2.0,
            4.574144703871349e-18
        ],
        [
            3.0,
            4.574162979179295e-18
        ],
        [
            4.0,
            4.574203502688219e-18
        ],
        [
            3.0,
            4.5748105607434745e-18
        ],
        [
            4.0,
            4.574819301108145e-18
        ],
        [
            5.0,
            4.5748330075891044e-18
        ],
        [
            4.0,
            4.574826253670951e-18
        ],
        [
            0.0,
            4.5760667895201236e-18
        ],
        [
            1.0,
            4.65598510845813e-18
        ],
        [
            0.0,
            4.656529990737439e-18
        ],
        [
            1.0,
            4.656794784058007e-18
        ],
        [
            2.0,
            4.657068516387897e-18
        ],
        [
            3.0,
            4.6763718104060635e-18
        ],
        [
            1.0,
            4.687042206510821e-18
        ],
        [
            1.0,
            4.772681690059244e-18
        ],
        [
            2.0,
            4.77311870829274e-18
        ],
        [
            3.0,
            4.773721594810313e-18
        ],
        [
            2.0,
            4.7783925251477776e-18
        ],
        [
            1.0,
            4.810082902349735e-18
        ],
        [
            2.0,
            4.815362479899669e-18
        ],
        [
            3.0,
            4.81537022704108e-18
        ],
        [
            4.0,
            4.815378768761099e-18
        ],
        [
            3.0,
            4.816609571022345e-18
        ],
        [
            4.0,
            4.8166135439153764e-18
        ],
        [
            5.0,
            4.8166324151572776e-18
        ],
        [
            4.0,
            4.8166216883460914e-18
        ],
        [
            0.0,
            4.817886657487411e-18
        ],
        [
            5.0,
            4.8199015101884784e-18
        ],
        [
            6.0,
            4.8199015101884784e-18
        ],
        [
            4.0,
            4.8199015101884784e-18
        ],
        [
            5.0,
            4.8199015101884784e-18
        ],
        [
            1.0,
            4.824786579460356e-18
        ],
        [
            3.0,
            4.8443173216045925e-18
        ],
        [
            1.0,
            4.861568219082541e-18
        ],
        [
            2.0,
            4.864133118823859e-18
        ],
        [
            3.0,
            4.8685138293253525e-18
        ],
        [
            1.0,
            4.8642407842250204e-18
        ],
        [
            0.0,
            4.865378024855368e-18
        ],
        [
            1.0,
            4.865470195973705e-18
        ],
        [
            2.0,
            4.865667847402036e-18
        ],
        [
            0.0,
            4.923837953950118e-18
        ],
        [
            1.0,
            4.925467436027103e-18
        ],
        [
            2.0,
            4.929725384133914e-18
        ],
        [
            2.0,
            4.925103916314695e-18
        ],
        [
            1.0,
            4.941739809951323e-18
        ],
        [
            1.0,
            4.948109152059875e-18
        ],
        [
            2.0,
            4.948315742497527e-18
        ],
        [
            3.0,
            4.948658205876868e-18
        ],
        [
            1.0,
            4.961471779127619e-18
        ],
        [
            2.0,
            4.9616364555437866e-18
        ],
        [
            3.0,
            4.961640825726122e-18
        ],
        [
            4.0,
            4.961646387776367e-18
        ],
        [
            3.0,
            4.962487449231194e-18
        ],
        [
            4.0,
            4.962497977397728e-18
        ],
        [
