{
    "name": "Si+",
    "stoichiometry": {
        "Si": 1
    },
    "molarmass": 0.028084951420090935,
    "chargenumber": 1,
    "polarisability": 2.831e-30,
    "multiplicity": 2,
    "effectiveelectrons": null,
    "electroncrosssection": null,
    "emissionlines": [],
    "ionisationenergy": 2.6188941386449313e-18,
    "energylevels": [
        [
            0.5,
            0.0
        ],
        [
            1.5,
            5.7058689722440715e-21
        ],
        [
            0.5,
            8.506816166598735e-19
        ],
        [
            1.5,
            8.528335341705378e-19
        ],
        [
            2.5,
            8.563155762682424e-19
        ],
        [
            1.5,
            1.0986906560367206e-18
        ],
        [
            2.5,
            1.099005110520186e-18
        ],
        [
            0.5,
            1.3011318042069475e-18
        ],
        [
            0.5,
            1.5229161739703106e-18
        ],
        [
            1.5,
            1.5760168690098392e-18
        ],
        [
            2.5,
            1.5763450299742645e-18
        ],
        [
            0.5,
            1.612822544634866e-18
        ],
        [
            1.5,
            1.6140140152550975e-18
        ],
        [
            0.5,
            1.6646809160233569e-18
        ],
        [
            1.5,
            1.668699695969655e-18
        ],
        [
            0.5,
            1.9461631683501726e-18
        ],
        [
            1.5,
            2.006768856971388e-18
        ],
        [
            2.5,
            2.0067946807760946e-18
        ],
        [
            3.5,
            2.0570851499295925e-18
        ],
        [
            2.5,
            2.0570877323100633e-18
        ],
        [
            0.5,
            2.0631380511081627e-18
        ],
        [
            1.5,
            2.0636249291492074e-18
        ],
        [
            1.5,
            2.1608306961810545e-18
        ],
        [
            2.5,
            2.161663017271213e-18
        ],
        [
            0.5,
            2.208619831881744e-18
        ],
        [
            1.5,
            2.2326578211705354e-18
        ],
        [
            2.5,
            2.2326609994849607e-18
        ],
        [
            3.5,
            2.2597845361468855e-18
        ],
        [
            2.5,
            2.2597879131059627e-18
        ],
        [
            0.5,
            2.2637957675964234e-18
        ],
        [
            1.5,
            2.2640865833663496e-18
        ],
        [
            4.5,
            2.268067024894891e-18
        ],
        [
            3.5,
            2.268067024894891e-18
        ],
        [
            1.5,
            2.2698258246400608e-18
        ],
        [
            2.5,
            2.2710476878919847e-18
        ],
        [
            3.5,
            2.2727844380808283e-18
        ],
        [
            4.5,
            2.275060111209432e-18
        ],
        [
            0.5,
            2.3214086758967976e-18
        ],
        [
            1.5,
            2.3237129538552305e-18
        ],
        [
            2.5,
            2.3276794902581606e-18
        ],
        [
            0.5,
            2.342314436319333e-18
        ],
        [
            1.5,
            2.3543932230038573e-18
        ],
        [
            2.5,
            2.3543946135164182e-18
        ],
        [
            0.5,
            2.3687425180560443e-18
        ],
        [
            1.5,
            2.3693104431149374e-18
        ],
        [
            3.5,
            2.370052976822577e-18
        ],
        [
            2.5,
            2.370055956492351e-18
        ],
        [
            4.5,
            2.375357583598611e-18
        ],
        [
            3.5,
            2.375357583598611e-18
        ],
        [
            0.5,
            2.412422490493962e-18
        ],
        [
            1.5,
            2.4153240929197234e-18
        ],
        [
            0.5,
            2.4197775073636986e-18
        ],
        [
            1.5,
            2.426712192150672e-18
        ],
        [
            2.5,
            2.4267133840185816e-18
        ],
        [
            3.5,
            2.4364809401818675e-18
        ],
        [
            2.5,
            2.4364833239176864e-18
        ],
        [
            4.5,
            2.4400541601746515e-18
        ],
        [
            3.5,
            2.4400541601746515e-18
        ],
        [
            1.5,
            2.4439946741282234e-18
        ],
        [
            0.5,
            2.445268582278864e-18
        ],
        [
            1.5,
            2.4460838199289854e-18
        ],
        [
            0.5,
            2.468690177213775e-18
        ],
        [
            2.5,
            2.469488728713163e-18
        ],
        [
            1.5,
            2.469655590220498e-18
        ],
        [
            0.5,
            2.469893963802405e-18
        ],
        [
            3.5,
            2.472122756793234e-18
        ],
        [
            2.5,
            2.4730404950835755e-18
        ],
        [
            1.5,
            2.4730404950835755e-18
        ],
        [
            2.5,
            2.4744647772354687e-18
        ],
        [
            1.5,
            2.4754222444561285e-18
        ],
        [
            0.5,
            2.4758850864943305e-18
        ],
        [
            3.5,
            2.479523859222139e-18
        ],
        [
            2.5,
            2.4795250510900487e-18
        ],
        [
            4.5,
            2.4820331384610117e-18
        ],
        [
            3.5,
            2.4820331384610117e-18
        ],
        [
            0.5,
            2.483552770045668e-18
        ],
        [
            1.5,
            2.4837275773390667e-18
        ],
        [
            1.5,
            2.5076185695856822e-18
        ],
        [
            0.5,
            2.5084647958014518e-18
        ],
        [
            3.5,
            2.508977696291855e-18
        ],
        [
            2.5,
            2.508977696291855e-18
        ],
        [
            4.5,
            2.5107982745236686e-18
        ],
        [
            3.5,
            2.5107982745236686e-18
        ],
        [
            1.5,
            2.5133673458026698e-18
        ],
        [
            0.5,
            2.513756689319784e-18
        ],
        [
            3.5,
            2.530007808266285e-18
        ],
        [
            2.5,
            2.530007808266285e-18
        ],
        [
            4.5,
            2.5313689214189733e-18
        ],
        [
            3.5,
            2.5313689214189733e-18
        ],
        [
            3.5,
            2.5455388403507755e-18
        ],
        [
            2.5,
            2.5455388403507755e-18
        ],
        [
            4.5,
            2.546582717994876e-18
        ],
        [
            3.5,
            2.546582717994876e-18
        ],
        [
            2.5,
            2.6156951651757408e-18
        ],
        [
            3.5,
            2.620496406404648e-18
        ],
        [
            0.5,
            2.6178365545198708e-18
        ],
        [
            1.5,
            2.619366714271061e-18
        ],
        [
            2.5,
            2.621872020616902e-18
        ],
        [
            3.5,
            2.6253332050261902e-18
        ],
        [
            0.5,
            2.6338711507961394e-18
        ],
        [
            1.5,
            2.6355417523160035e-18
        ],
        [
            0.5,
            2.662174040754548e-18
        ],
        [
            1.5,
            2.6634076240409165e-18
        ],
        [
            2.5,
            2.66608197698526e-18
        ],
        [
            1.5,
            2.6798212343124168e-18
        ],
        [
            2.5,
