{
    "name": "Si+",
    "stoichiometry": {
        "Si": 1
    },
    "molarmass": 0.0280855,
    "chargenumber": 1,
    "ionisationenergy": 2.6188929311518405e-18,
    "energylevels": [
        [
            0.5,
            0.0
        ],
        [
            1.5,
            5.70586634144e-21
        ],
        [
            0.5,
            8.506812244362401e-19
        ],
        [
            1.5,
            8.528331409547201e-19
        ],
        [
            2.5,
            8.563151814469601e-19
        ],
        [
            1.5,
            1.0986901494636e-18
        ],
        [
            2.5,
            1.09900460380208e-18
        ],
        [
            0.5,
            1.30113120429432e-18
        ],
        [
            0.5,
            1.5229154717996002e-18
        ],
        [
            1.5,
            1.5760161423560001e-18
        ],
        [
            2.5,
            1.5763443031691202e-18
        ],
        [
            0.5,
            1.61282180101104e-18
        ],
        [
            1.5,
            1.6140132710819203e-18
        ],
        [
            0.5,
            1.6646801484892e-18
        ],
        [
            1.5,
            1.66869892658256e-18
        ],
        [
            0.5,
            1.94616227103304e-18
        ],
        [
            1.5,
            2.0067679317108003e-18
        ],
        [
            2.5,
            2.0067937555036e-18
        ],
        [
            3.5,
            2.05708420146968e-18
        ],
        [
            2.5,
            2.05708678384896e-18
        ],
        [
            0.5,
            2.0631370998574403e-18
        ],
        [
            1.5,
            2.063623977674e-18
        ],
        [
            1.5,
            2.1608296998872002e-18
        ],
        [
            2.5,
            2.1616620205936e-18
        ],
        [
            0.5,
            2.2086188135537603e-18
        ],
        [
            1.5,
            2.23265679175936e-18
        ],
        [
            2.5,
            2.23265997007232e-18
        ],
        [
            3.5,
            2.2597834942284e-18
        ],
        [
            2.5,
            2.2597868711859205e-18
        ],
        [
            0.5,
            2.2637947238284803e-18
        ],
        [
            1.5,
            2.26408553946432e-18
        ],
        [
            3.5,
            2.2680659791576003e-18
        ],
        [
            4.5,
            2.2680659791576003e-18
        ],
        [
            1.5,
            2.26982477809184e-18
        ],
        [
            2.5,
            2.2710466407804e-18
        ],
        [
            3.5,
            2.2727833901684804e-18
        ],
        [
            4.5,
            2.2750590622478403e-18
        ],
        [
            0.5,
            2.32140760556528e-18
        ],
        [
            1.5,
            2.3237118824612802e-18
        ],
        [
            2.5,
            2.32767841703536e-18
        ],
        [
            0.5,
            2.3423133563488003e-18
        ],
        [
            1.5,
            2.35439213746416e-18
        ],
        [
            2.5,
            2.35439352797608e-18
        ],
        [
            0.5,
            2.36874142590032e-18
        ],
        [
            1.5,
            2.3693093506973603e-18
        ],
        [
            3.5,
            2.37005188406264e-18
        ],
        [
            2.5,
            2.37005486373104e-18
        ],
        [
            4.5,
            2.37535648839288e-18
        ],
        [
            3.5,
            2.37535648839288e-18
        ],
        [
            0.5,
            2.41242137819872e-18
        ],
        [
            1.5,
            2.41532297928664e-18
        ],
        [
            0.5,
            2.41977639167728e-18
        ],
        [
            1.5,
            2.4267110732668802e-18
        ],
        [
            2.5,
            2.42671226513424e-18
        ],
        [
            3.5,
            2.4364798167940003e-18
        ],
        [
            2.5,
            2.4364822005287202e-18
        ],
        [
            3.5,
            2.4400530351392802e-18
        ],
        [
            4.5,
            2.4400530351392802e-18
        ],
        [
            1.5,
            2.4439935472760003e-18
        ],
        [
            0.5,
            2.44526745483928e-18
        ],
        [
            1.5,
            2.44608269211352e-18
        ],
        [
            0.5,
            2.4686890389752e-18
        ],
        [
            2.5,
            2.4694875901064e-18
        ],
        [
            1.5,
            2.4696544515368e-18
        ],
        [
            0.5,
            2.4698928250088002e-18
        ],
        [
            3.5,
            2.472121616972e-18
        ],
        [
            2.5,
            2.4730393548392e-18
        ],
        [
            1.5,
            2.4730393548392e-18
        ],
        [
            2.5,
            2.4744636363344e-18
        ],
        [
            1.5,
            2.4754211031136002e-18
        ],
        [
            0.5,
            2.4758839449384e-18
        ],
        [
            3.5,
            2.4795227159884803e-18
        ],
        [
            2.5,
            2.47952390785584e-18
        ],
        [
            3.5,
            2.4820319940704e-18
        ],
        [
            4.5,
            2.4820319940704e-18
        ],
        [
            0.5,
            2.4835516249544e-18
        ],
        [
            1.5,
            2.4837264321672e-18
        ],
        [
            1.5,
            2.5076174133984e-18
        ],
        [
            0.5,
            2.5084636392240003e-18
        ],
        [
            2.5,
            2.5089765394779202e-18
        ],
        [
            3.5,
            2.5089765394779202e-18
        ],
        [
            3.5,
            2.5107971168703202e-18
        ],
        [
            4.5,
            2.5107971168703202e-18
        ],
        [
            1.5,
            2.5133661869648e-18
        ],
        [
            0.5,
            2.5137555303024e-18
        ],
        [
            3.5,
            2.530006641756e-18
        ],
        [
            2.5,
            2.530006641756e-18
        ],
        [
            4.5,
            2.5313677542811202e-18
        ],
        [
            3.5,
            2.5313677542811202e-18
        ],
        [
            2.5,
            2.5455376666796003e-18
        ],
        [
            3.5,
            2.5455376666796003e-18
        ],
        [
            4.5,
            2.5465815438424002e-18
        ],
        [
            3.5,
            2.5465815438424002e-18
        ],
        [
            2.5,
            2.6156939591576003e-18
        ],
        [
            3.5,
            2.6204951981728e-18
        ],
        [
            0.5,
            2.6178353475144e-18
        ],
        [
            1.5,
            2.61936550656008e-18
        ],
        [
            2.5,
            2.6218708117507998e-18
        ],
        [
            3.5,
            2.6253319945642403e-18
        ],
        [
            0.5,
            2.6338699363976002e-18
        ],
        [
            1.5,
            2.6355405371472002e-18
        ],
        [
            0.5,
            2.6621728133064002e-18
        ],
        [
            1.5,
            2.6634063960240003e-18
        ],
        [
            2.5,
            2.6660807477352803e-18
        ],
        [
            1.5,
            2.6798199987276803e-18
        ],
        [
            2.5,
            2.6876072627687998e-18
        ],
        [
            1.5,
            2.687730422396e-18
        ],
        [
            1.5,
            2.8601360224656004e-18
        ],
        [
            0.5,
            2.860561121824e-18
        ],
        [
            1.5,
